model,preprocessing,test_f1_macro,test_accuracy,test_f1_off,test_f1_not
BiLSTM-GLOVE,clean,0.7131768843611667,0.7697674418604651,0.5857740585774058,0.8405797101449275
