model,preprocessing,test_f1_macro,test_accuracy,test_f1_off,test_f1_not
ROBERTA-BASE,aggressive,0.789797561536692,0.8418604651162791,0.6851851851851852,0.8944099378881988
