model,preprocessing,test_f1_macro,test_accuracy,test_f1_off,test_f1_not
ROBERTA-BASE,clean,0.8014150465397145,0.8383720930232558,0.7157464212678937,0.8870836718115354
