model,preprocessing,test_f1_macro,test_accuracy,test_f1_off,test_f1_not
ROBERTA-BASE,raw,0.7993081484735339,0.8418604651162791,0.7068965517241379,0.89171974522293
