model,preprocessing,test_f1_macro,test_accuracy,test_f1_off,test_f1_not
DEBERTA-V3-BASE,clean,0.8100855541070958,0.8558139534883721,0.7168949771689498,0.9032761310452418
