model,preprocessing,test_f1_macro,test_accuracy,test_f1_off,test_f1_not
BERTWEET-BASE,aggressive,0.7947211521541038,0.8406976744186047,0.6975717439293598,0.8918705603788477
