model,preprocessing,test_f1_macro,test_accuracy,test_f1_off,test_f1_not
BERT-BASE-UNCASED,aggressive,0.7839627251391957,0.8302325581395349,0.683982683982684,0.8839427662957074
