model,preprocessing,test_f1_macro,test_accuracy,test_f1_off,test_f1_not
DEBERTA-V3-BASE,raw,0.7925862618748168,0.8267441860465117,0.7084148727984344,0.8767576509511993
