model,preprocessing,test_f1_macro,test_accuracy,test_f1_off,test_f1_not
BERT-BASE-UNCASED,raw,0.8019318276988359,0.8465116279069768,0.7079646017699115,0.8958990536277602
